<configuration>
  <property>
    <name>hive.server2.enable.doAs</name>
    <value>true</value>
  </property>
  <property>
    <name>hive.execution.engine</name>
    <value>tez</value>
  </property>
  <property>
    <name>hive.tez.container.size</name>
    <value>128</value>
  </property>
  <property>
    <name>hive.jar.directory</name>
    <value>hdfs:///user/hive</value>
  </property>
  <property>
    <name>hive.metastore.warehouse.external.dir</name>
    <value>/user/hive/external</value>
  </property>
  <property>
    <name>set hive.optimize.bucketmapjoin</name>
    <value>false</value>
  </property>
  <property>
    <name>hive.optimize.bucketmapjoin.sortedmerge</name>
    <value>false</value>
  </property>
  <property>
    <name>hive.server2.logging.operation.enabled</name>
    <value>false</value>
  </property>
  <!-- Derby Metastore DB -->
  <property>
    <name>javax.jdo.option.ConnectionURL</name>
    <value>jdbc:derby://localhost:1527/metastore_db;create=true</value>
  </property>
  <property>
    <name>javax.jdo.option.ConnectionDriverName</name>
    <value>org.apache.derby.jdbc.ClientDriver</value>
  </property>
</configuration>
